recorded_at,total_pv,total_likes,total_comments,article_count,last_calculate_at
2026-08-22T20:00,486,74,0,17,2026/8/22 20:04
2026-08-23T20:00,488,77,0,18,2026/8/23 20:03
2026-08-24T20:00,508,94,0,18,2026/8/24 20:07
2026-08-25T20:23,518,96,0,19,2026/8/25 20:05
2026-08-26T02:28,519,98,0,20,2026/8/26 01:39
2026-08-26T08:21,522,98,0,20,2026/8/26 07:47
2026-08-26T14:30,525,98,0,20,2026/8/26 13:59
2026-08-26T20:25,526,98,0,20,2026/8/26 20:08
2026-08-27T03:57,527,98,0,20,2026/8/27 03:43
2026-08-27T13:12,528,99,0,20,2026/8/27 11:56
2026-08-28T01:04,530,99,0,20,2026/8/28 00:14
2026-08-28T10:15,530,99,0,20,2026/8/28 09:51
2026-08-29T02:07,530,101,0,20,2026/8/29 01:40
2026-08-29T13:00,536,103,0,21,2026/8/29 11:55
2026-08-29T20:27,545,103,0,21,2026/8/29 20:06
2026-08-30T04:35,550,105,0,22,2026/8/30 03:44
2026-08-30T09:59,550,105,0,22,2026/8/30 09:51
2026-08-30T19:14,552,105,0,22,2026/8/30 18:04
2026-08-31T00:09,552,105,0,22,2026/8/30 22:08
2026-08-31T04:37,554,105,0,22,2026/8/31 03:43
2026-08-31T10:03,554,105,0,22,2026/8/31 09:51
2026-08-31T20:19,555,105,0,22,2026/8/31 20:06
2026-09-01T06:43,567,105,0,22,2026/9/1 05:46
